{
  "case_id": "11199",
  "mode": "N",
  "tier": "B",
  "years": 20,
  "cost_breakdown": {
    "pv_cost": 6204.0,
    "inv_cost": 3300,
    "bat_cost": 5400.0,
    "subtotal": 14904.0,
    "gst": 0.0,
    "total": 14904.0,
    "rate_pv": 550,
    "rate_inv": 330,
    "rate_bat": 400,
    "gst_rate": 0.0,
    "pv_basis_kwp": 11.28,
    "inv_kw": 10,
    "bat_kwh": 13.5
  },
  "total_cost": 14904.0,
  "cashflow": [
    -14904.0,
    2051.9819091353374,
    2086.3663026457707,
    2121.4383840264118,
    2157.2119070346657,
    2193.700900503085,
    2230.919673840872,
    2268.882822645416,
    2307.6052344260497,
    2347.102094442297,
    2387.388891658869,
    2428.481424819772,
    2470.3958086438934,
    2513.1484801444967,
    2556.7562050751126,
    2601.236084504341,
    2646.6055615221535,
    2692.8824280803224,
    2740.084831969655,
    2788.2312839367737,
    2837.340664943235
  ],
  "IRR": 0.14084856127053014,
  "NPV": 18847.330238618502,
  "payback_years": 6.908985207270076
}