{
  "inputs": {
    "state": "BY",
    "state_zh": "拜仁",
    "hvac": "electric_heat",
    "hvac_zh": "电暖",
    "usage": "medium",
    "usage_zh": "中",
    "ev_km": 5000,
    "ev_time": "mixed_day_and_night",
    "occ": "someone_always_home",
    "occ_zh": "家中常有人"
  },
  "totals": {
    "base": 3302,
    "t_base": 3000,
    "t_ext": 3000.0,
    "ev_ext": 900.0,
    "final": 7202.0,
    "davg": 19.731506849315068,
    "pc": false,
    "ph": true,
    "occ_v": 1.2,
    "u": {
      "am": 1.0,
      "cmm": 1.1,
      "hmm": 1.15,
      "cpm": 1.2,
      "hpm": 1.15
    }
  },
  "monthly": {
    "sm": [
      1.15,
      1.15,
      1.15,
      1.15,
      1,
      1,
      1,
      1,
      1,
      1.15,
      1.15,
      1.15
    ],
    "rb": [
      299.60697,
      300.36643,
      293.53128999999996,
      312.13805999999994,
      277.0378,
      289.2552,
      302.7934,
      292.8874,
      281.6606,
      318.21374,
      310.99887,
      302.26507999999995
    ],
    "srb": 3580.7548400000005,
    "nb": [
      276.2831467512587,
      276.98348425886644,
      270.68044669039665,
      287.83871562678655,
      255.47094299256742,
      266.7372420279965,
      279.22151933752605,
      270.0866822817727,
      259.7338669519189,
      293.4414156876486,
      286.78820936537505,
      278.7343280278858
    ],
    "tw": [
      0.090735,
      0.09096499999999999,
      0.08889499999999999,
      0.09452999999999999,
      0,
      0,
      0,
      0,
      0,
      0.09637,
      0.09418499999999999,
      0.09154
    ],
    "stw": 0.6472199999999999,
    "ta": [
      420.5756929637527,
      421.64179104477614,
      412.046908315565,
      438.16631130063973,
      0.0,
      0.0,
      0.0,
      0.0,
      0.0,
      446.6950959488274,
      436.5671641791045,
      424.30703624733474
    ],
    "ea": [
      75.0,
      75.0,
      75.0,
      75.0,
      75.0,
      75.0,
      75.0,
      75.0,
      75.0,
      75.0,
      75.0,
      75.0
    ],
    "fkm": [
      771.8588397150114,
      773.6252753036426,
      757.7273550059617,
      801.0050269274263,
      330.4709429925674,
      341.7372420279965,
      354.22151933752605,
      345.0866822817727,
      334.7338669519189,
      815.1365116364759,
      798.3553735444796,
      778.0413642752205
    ],
    "fsm": [
      0.10717284639197604,
      0.10741811653757882,
      0.10521068522715381,
      0.11121980379442188,
      0.045885995972308725,
      0.047450325191335255,
      0.04918377108268898,
      0.047915396040235037,
      0.046477904325453887,
      0.11318196495924408,
      0.11085189857601771,
      0.10803129190158574
    ]
  },
  "hourly": {
    "om": [
      1.0,
      1.0,
      1.0,
      1.0,
      1.0,
      1.0,
      1.0,
      1.0,
      1.0,
      1.2,
      1.2,
      1.2,
      1.2,
      1.2,
      1.2,
      1.2,
      1.2,
      1.2,
      1.0,
      1.0,
      1.0,
      1.0,
      1.0,
      1.0
    ],
    "pm": [
      1.0,
      1.0,
      1.0,
      1.0,
      1.0,
      1.0,
      1.15,
      1.15,
      1.15,
      1.15,
      1.0,
      1.0,
      1.0,
      1.0,
      1.0,
      1.0,
      1.0,
      1.0,
      1.15,
      1.15,
      1.15,
      1.15,
      1.15,
      1.0
    ],
    "adj": [
      0.0301,
      0.0258,
      0.0239,
      0.0232,
      0.0236,
      0.0252,
      0.034499999999999996,
      0.04117,
      0.04715,
      0.06154799999999999,
      0.05687999999999999,
      0.06215999999999999,
      0.06156,
      0.057719999999999994,
      0.055080000000000004,
      0.05448,
      0.056999999999999995,
      0.0642,
      0.067505,
      0.067965,
      0.06394,
      0.05841999999999999,
      0.051864999999999994,
      0.0366
    ],
    "sadj": 1.151543,
    "ns": [
      0.026138841536963883,
      0.022404721317397614,
      0.02075476122037996,
      0.020146881184636613,
      0.020494241205061384,
      0.02188368128676046,
      0.029959801761636342,
      0.03575203010221937,
      0.04094506240756967,
      0.05344828634275923,
      0.04939459490440218,
      0.05397974717400913,
      0.053458707143371975,
      0.05012405094729419,
      0.047831474812490726,
      0.047310434781853566,
      0.049498802910529605,
      0.055751283278175454,
      0.05862134544693511,
      0.059020809470423596,
      0.05552549926489935,
      0.050731930983037535,
      0.04503956864832663,
      0.031783441868866384
    ],
    "dne": 17.265753424657536,
    "dev": 2.4657534246575343,
    "nek": [
      0.4513067927834148,
      0.3868343938143556,
      0.35834658961872473,
      0.3478510828098081,
      0.3538485152720462,
      0.37783824512099845,
      0.5172785498680336,
      0.6172857361758534,
      0.7069473514863126,
      0.9228249329645718,
      0.8528348961302535,
      0.932001004631796,
      0.923004855938439,
      0.8654295043009534,
      0.8258464500501824,
      0.8168503013568252,
      0.854634125868925,
      0.9625879101892103,
      1.0121416959084524,
      1.019038743240026,
      0.9586895790887555,
      0.8759250111098701,
      0.7776420866349437,
      0.5487650702947835
    ],
    "evk": [
      0.18493150684931506,
      0.18493150684931506,
      0.18493150684931506,
      0.18493150684931506,
      0.18493150684931506,
      0.18493150684931506,
      0.0,
      0.0,
      0.0,
      0.0,
      0.1652054794520548,
      0.1652054794520548,
      0.1652054794520548,
      0.1652054794520548,
      0.1652054794520548,
      0.1652054794520548,
      0.0,
      0.0,
      0.0,
      0.0,
      0.0,
      0.0,
      0.18493150684931506,
      0.18493150684931506
    ],
    "fkd": [
      0.6362382996327298,
      0.5717659006636706,
      0.5432780964680398,
      0.5327825896591232,
      0.5387800221213612,
      0.5627697519703135,
      0.5172785498680336,
      0.6172857361758534,
      0.7069473514863126,
      0.9228249329645718,
      1.0180403755823084,
      1.097206484083851,
      1.0882103353904937,
      1.0306349837530082,
      0.9910519295022372,
      0.98205578080888,
      0.854634125868925,
      0.9625879101892103,
      1.0121416959084524,
      1.019038743240026,
      0.9586895790887555,
      0.8759250111098701,
      0.9625735934842587,
      0.7336965771440985
    ],
    "fhs": [
      0.03224479024797923,
      0.028977305434912493,
      0.02753353307565045,
      0.027001616943290747,
      0.027305569018924863,
      0.028521377321461323,
      0.026215866523442412,
      0.03128426738464128,
      0.0358283509153713,
      0.04676910587782126,
      0.051594659412321935,
      0.055606826810692254,
      0.055150898697241074,
      0.05223295877115357,
      0.05022687507196842,
      0.04977094695851725,
      0.04331317077786138,
      0.04878430813927545,
      0.051295712164202326,
      0.05164525705118155,
      0.04858673929011327,
      0.044392200646362484,
      0.048783582563420504,
      0.037184011477033596
    ]
  },
  "periods": {
    "daytime_kwh": 8.947246858143487,
    "daytime_pct": 45.34497505168527,
    "evening_peak_kwh": 2.9898700182372338,
    "evening_peak_pct": 15.152770850549713,
    "overnight_kwh": 8.9476798604907,
    "overnight_pct": 45.34716952345328
  },
  "case_id": "11199"
}