{
  "inputs": {
    "state": "BY",
    "state_zh": "拜仁",
    "hvac": "no_system",
    "hvac_zh": "无冷暖设备",
    "usage": "medium",
    "usage_zh": "中",
    "ev_km": 0,
    "ev_time": "mostly_overnight",
    "occ": "someone_always_home",
    "occ_zh": "家中常有人"
  },
  "totals": {
    "base": 3302,
    "t_base": 0,
    "t_ext": 0.0,
    "ev_ext": 0.0,
    "final": 3302.0,
    "davg": 9.046575342465754,
    "pc": false,
    "ph": false,
    "occ_v": 1.2,
    "u": {
      "am": 1.0,
      "cmm": 1.1,
      "hmm": 1.15,
      "cpm": 1.2,
      "hpm": 1.15
    }
  },
  "monthly": {
    "sm": [
      1,
      1,
      1,
      1,
      1,
      1,
      1,
      1,
      1,
      1,
      1,
      1
    ],
    "rb": [
      260.5278,
      261.1882,
      255.2446,
      271.4244,
      277.0378,
      289.2552,
      302.7934,
      292.8874,
      281.6606,
      276.7076,
      270.4338,
      262.8392
    ],
    "srb": 3302.0000000000005,
    "nb": [
      260.5278,
      261.18819999999994,
      255.24459999999993,
      271.42439999999993,
      277.03779999999995,
      289.25519999999995,
      302.79339999999996,
      292.88739999999996,
      281.66059999999993,
      276.7076,
      270.4338,
      262.83919999999995
    ],
    "tw": [
      0,
      0,
      0,
      0,
      0,
      0,
      0,
      0,
      0,
      0,
      0,
      0
    ],
    "stw": 0,
    "ta": [
      0,
      0,
      0,
      0,
      0,
      0,
      0,
      0,
      0,
      0,
      0,
      0
    ],
    "ea": [
      0.0,
      0.0,
      0.0,
      0.0,
      0.0,
      0.0,
      0.0,
      0.0,
      0.0,
      0.0,
      0.0,
      0.0
    ],
    "fkm": [
      260.5278,
      261.18819999999994,
      255.24459999999993,
      271.42439999999993,
      277.03779999999995,
      289.25519999999995,
      302.79339999999996,
      292.88739999999996,
      281.66059999999993,
      276.7076,
      270.4338,
      262.83919999999995
    ],
    "fsm": [
      0.0789,
      0.07909999999999998,
      0.07729999999999998,
      0.08219999999999998,
      0.08389999999999999,
      0.08759999999999998,
      0.09169999999999999,
      0.08869999999999999,
      0.08529999999999997,
      0.0838,
      0.0819,
      0.07959999999999999
    ]
  },
  "hourly": {
    "om": [
      1.0,
      1.0,
      1.0,
      1.0,
      1.0,
      1.0,
      1.0,
      1.0,
      1.0,
      1.2,
      1.2,
      1.2,
      1.2,
      1.2,
      1.2,
      1.2,
      1.2,
      1.2,
      1.0,
      1.0,
      1.0,
      1.0,
      1.0,
      1.0
    ],
    "pm": [
      1.0,
      1.0,
      1.0,
      1.0,
      1.0,
      1.0,
      1.0,
      1.0,
      1.0,
      1.0,
      1.0,
      1.0,
      1.0,
      1.0,
      1.0,
      1.0,
      1.0,
      1.0,
      1.0,
      1.0,
      1.0,
      1.0,
      1.0,
      1.0
    ],
    "adj": [
      0.0301,
      0.0258,
      0.0239,
      0.0232,
      0.0236,
      0.0252,
      0.03,
      0.0358,
      0.041,
      0.05352,
      0.05687999999999999,
      0.06215999999999999,
      0.06156,
      0.057719999999999994,
      0.055080000000000004,
      0.05448,
      0.056999999999999995,
      0.0642,
      0.0587,
      0.0591,
      0.0556,
      0.0508,
      0.0451,
      0.0366
    ],
    "sadj": 1.0871,
    "ns": [
      0.027688345138441726,
      0.02373286726152148,
      0.021985097967068348,
      0.021341182963848772,
      0.02170913439425996,
      0.023180940115904703,
      0.02759635728083893,
      0.03293165302180112,
      0.03771502161714654,
      0.04923190138901665,
      0.052322693404470606,
      0.057179652285898254,
      0.056627725140281485,
      0.053095391408334094,
      0.05066691196762028,
      0.0501149848220035,
      0.052433078833593966,
      0.0590562045809953,
      0.05399687241284151,
      0.05436482384325269,
      0.051145248827154814,
      0.04672983166222059,
      0.041486523778861195,
      0.0336675558826235
    ],
    "dne": 9.046575342465754,
    "dev": 0.0,
    "nek": [
      0.25048470040310844,
      0.21470117177409295,
      0.19888984517057448,
      0.19306461957980453,
      0.19639331991738737,
      0.20970812126771873,
      0.24965252531871276,
      0.29791868021366386,
      0.34119178460224076,
      0.4453801051685835,
      0.4733411880042793,
      0.5172800324603728,
      0.5122869819539986,
      0.48033145871320326,
      0.4583620364851566,
      0.4533689859787824,
      0.4743397981055542,
      0.5342564041820452,
      0.48848677454028133,
      0.4918154748778641,
      0.46268934692401426,
      0.4227449428730203,
      0.37531096306246486,
      0.3045760808888296
    ],
    "evk": [
      0.0,
      0.0,
      0.0,
      0.0,
      0.0,
      0.0,
      0.0,
      0.0,
      0.0,
      0.0,
      0.0,
      0.0,
      0.0,
      0.0,
      0.0,
      0.0,
      0.0,
      0.0,
      0.0,
      0.0,
      0.0,
      0.0,
      0.0,
      0.0
    ],
    "fkd": [
      0.25048470040310844,
      0.21470117177409295,
      0.19888984517057448,
      0.19306461957980453,
      0.19639331991738737,
      0.20970812126771873,
      0.24965252531871276,
      0.29791868021366386,
      0.34119178460224076,
      0.4453801051685835,
      0.4733411880042793,
      0.5172800324603728,
      0.5122869819539986,
      0.48033145871320326,
      0.4583620364851566,
      0.4533689859787824,
      0.4743397981055542,
      0.5342564041820452,
      0.48848677454028133,
      0.4918154748778641,
      0.46268934692401426,
      0.4227449428730203,
      0.37531096306246486,
      0.3045760808888296
    ],
    "fhs": [
      0.027688345138441723,
      0.02373286726152148,
      0.021985097967068348,
      0.021341182963848772,
      0.02170913439425996,
      0.023180940115904703,
      0.02759635728083893,
      0.03293165302180112,
      0.03771502161714654,
      0.04923190138901665,
      0.052322693404470606,
      0.05717965228589826,
      0.056627725140281485,
      0.053095391408334094,
      0.05066691196762028,
      0.0501149848220035,
      0.052433078833593966,
      0.0590562045809953,
      0.05399687241284151,
      0.05436482384325269,
      0.051145248827154814,
      0.04672983166222059,
      0.041486523778861195,
      0.0336675558826235
    ]
  },
  "periods": {
    "daytime_kwh": 4.348946991051976,
    "daytime_pct": 48.07285438322142,
    "evening_peak_kwh": 1.4429915963421598,
    "evening_peak_pct": 15.950694508324903,
    "overnight_kwh": 3.8088653612791603,
    "overnight_pct": 42.10284242479992
  },
  "case_id": "11542"
}