{
  "case_id": "11387",
  "mode": "R",
  "tier": "B",
  "years": 20,
  "cost_breakdown": {
    "pv_cost": 3360.4999999999995,
    "inv_cost": 3960,
    "bat_cost": 5400.0,
    "subtotal": 12720.5,
    "gst": 0.0,
    "total": 12720.5,
    "rate_pv": 550,
    "rate_inv": 330,
    "rate_bat": 400,
    "gst_rate": 0.0,
    "pv_basis_kwp": 6.109999999999999,
    "inv_kw": 12,
    "bat_kwh": 13.5
  },
  "total_cost": 12720.5,
  "cashflow": [
    -12720.5,
    3144.5500999859983,
    3199.5763937944816,
    3255.703213479134,
    3312.9525695574803,
    3371.3469127573926,
    3430.9091428213037,
    3491.6626174864928,
    3553.6311616449852,
    3616.839076686649,
    3681.3111500291443,
    3747.072664838491,
    3814.149409944024,
    3882.567689951667,
    3952.3543355594643,
    4023.536714079416,
    4096.142740169768,
    4170.200886781926,
    4245.740196326328,
    4322.790292061618,
    4401.381389711613
  ],
  "IRR": 0.26147832915465963,
  "NPV": 39312.994392637316,
  "payback_years": 3.941960449846471
}