{
  "inputs": {
    "state": "BY",
    "state_zh": "拜仁",
    "hvac": "heat_pump",
    "hvac_zh": "热泵（冷暖两用）",
    "usage": "very_high",
    "usage_zh": "非常高",
    "ev_km": 20000,
    "ev_time": "mostly_overnight",
    "occ": "mostly_away",
    "occ_zh": "白天大多不在家"
  },
  "totals": {
    "base": 3302,
    "t_base": 2000,
    "t_ext": 3200.0,
    "ev_ext": 3600.0,
    "final": 10102.0,
    "davg": 27.676712328767124,
    "pc": true,
    "ph": true,
    "occ_v": 0.6,
    "u": {
      "am": 1.6,
      "cmm": 1.35,
      "hmm": 1.4,
      "cpm": 1.5,
      "hpm": 1.4
    }
  },
  "monthly": {
    "sm": [
      1.4,
      1.4,
      1.4,
      1.4,
      1,
      1.35,
      1.35,
      1.35,
      1,
      1.4,
      1.4,
      1.4
    ],
    "rb": [
      364.73892,
      365.66348,
      357.34243999999995,
      379.99415999999997,
      277.0378,
      390.49452,
      408.7710900000001,
      395.39799000000005,
      281.6606,
      387.39064,
      378.60732,
      367.97488
    ],
    "srb": 4355.07384,
    "nb": [
      276.54362660358476,
      277.24462438965213,
      270.93564431504564,
      288.11009007369665,
      210.04897946804962,
      296.0714220726049,
      309.92864616504414,
      299.78921390228373,
      213.55396839838653,
      293.7180723622358,
      287.05859339459556,
      278.9971188548206
    ],
    "tw": [
      0.11045999999999999,
      0.11073999999999999,
      0.10821999999999998,
      0.11507999999999999,
      0,
      0.11826,
      0.12379500000000002,
      0.119745,
      0,
      0.11732,
      0.11466,
      0.11144
    ],
    "stw": 1.1497199999999999,
    "ta": [
      307.44181191942386,
      308.22113210172915,
      301.20725046098175,
      320.3005949274606,
      0.0,
      329.15144556935604,
      344.5569356017118,
      333.2846258219393,
      0.0,
      326.53515638590267,
      319.13161465400276,
      310.16943255749226
    ],
    "ea": [
      300.0,
      300.0,
      300.0,
      300.0,
      300.0,
      300.0,
      300.0,
      300.0,
      300.0,
      300.0,
      300.0,
      300.0
    ],
    "fkm": [
      883.9854385230086,
      885.4657564913813,
      872.1428947760273,
      908.4106850011573,
      510.04897946804965,
      925.2228676419609,
      954.485581766756,
      933.073839724223,
      513.5539683983866,
      920.2532287481384,
      906.1902080485984,
      889.1665514123129
    ],
    "fsm": [
      0.08750598282746076,
      0.08765251994569206,
      0.0863336858816103,
      0.08992384527827729,
      0.05048990095704312,
      0.09158808826390426,
      0.09448481308322669,
      0.09236525833738102,
      0.050836860859076086,
      0.09109614222412774,
      0.08970403960093035,
      0.08801886274127033
    ]
  },
  "hourly": {
    "om": [
      1.0,
      1.0,
      1.0,
      1.0,
      1.0,
      1.0,
      1.0,
      1.0,
      1.0,
      0.6,
      0.6,
      0.6,
      0.6,
      0.6,
      0.6,
      0.6,
      0.6,
      0.6,
      1.0,
      1.0,
      1.0,
      1.0,
      1.0,
      1.0
    ],
    "pm": [
      1.0,
      1.0,
      1.0,
      1.0,
      1.0,
      1.0,
      1.4,
      1.4,
      1.4,
      1.4,
      1.0,
      1.0,
      1.0,
      1.0,
      1.5,
      1.5,
      1.5,
      1.5,
      2.0999999999999996,
      2.0999999999999996,
      1.4,
      1.4,
      1.4,
      1.0
    ],
    "adj": [
      0.0301,
      0.0258,
      0.0239,
      0.0232,
      0.0236,
      0.0252,
      0.041999999999999996,
      0.05012,
      0.0574,
      0.037464,
      0.028439999999999997,
      0.031079999999999997,
      0.03078,
      0.028859999999999997,
      0.04131,
      0.04086,
      0.042749999999999996,
      0.04815,
      0.12326999999999998,
      0.12410999999999998,
      0.07783999999999999,
      0.07111999999999999,
      0.06314,
      0.0366
    ],
    "sadj": 1.1270939999999998,
    "ns": [
      0.02670584707220516,
      0.02289072606189014,
      0.021204974917797454,
      0.020583908706815937,
      0.020938803684519662,
      0.022358383595334555,
      0.03726397265889092,
      0.0444683407062765,
      0.05092742930048426,
      0.033239463611730705,
      0.025233032914734707,
      0.027575339767579282,
      0.02730916853430149,
      0.02560567264132362,
      0.036651778822352,
      0.036252521972435316,
      0.0379294007420854,
      0.042720482941085665,
      0.10936975975384484,
      0.11011503920702266,
      0.06906256266114451,
      0.06310032703572195,
      0.05602017223053269,
      0.032472890459890665
    ],
    "dne": 17.813698630136987,
    "dev": 9.863013698630137,
    "nek": [
      0.4757299114067889,
      0.4077684954915334,
      0.37773903264525766,
      0.3666755463334718,
      0.3729975385116352,
      0.39828550722428846,
      0.6638091787071473,
      0.7921456199238625,
      0.9072058775664347,
      0.5921177874067755,
      0.44949364386741114,
      0.491218792243289,
      0.48647729810966656,
      0.4561317356544827,
      0.6529037421998156,
      0.645791500999382,
      0.6756629140412035,
      0.7610098084464082,
      1.9482799395054773,
      1.9615561230796201,
      1.2302596778705797,
      1.124050209277436,
      0.9979264653230783,
      0.5784622843019428
    ],
    "evk": [
      1.2328767123287672,
      1.2328767123287672,
      1.2328767123287672,
      1.2328767123287672,
      1.2328767123287672,
      1.2328767123287672,
      0.0,
      0.0,
      0.0,
      0.0,
      0.0,
      0.0,
      0.0,
      0.0,
      0.0,
      0.0,
      0.0,
      0.0,
      0.0,
      0.0,
      0.0,
      0.0,
      1.2328767123287672,
      1.2328767123287672
    ],
    "fkd": [
      1.7086066237355562,
      1.6406452078203007,
      1.6106157449740248,
      1.599552258662239,
      1.6058742508404023,
      1.6311622195530555,
      0.6638091787071473,
      0.7921456199238625,
      0.9072058775664347,
      0.5921177874067755,
      0.44949364386741114,
      0.491218792243289,
      0.48647729810966656,
      0.4561317356544827,
      0.6529037421998156,
      0.645791500999382,
      0.6756629140412035,
      0.7610098084464082,
      1.9482799395054773,
      1.9615561230796201,
      1.2302596778705797,
      1.124050209277436,
      2.2308031776518455,
      1.81133899663071
    ],
    "fhs": [
      0.06173445037254781,
      0.05927890525187188,
      0.058193896942735995,
      0.057794157039370145,
      0.058022579841293484,
      0.05893627104898686,
      0.023984394201950976,
      0.028621377080994832,
      0.03277867207599967,
      0.021394079628140272,
      0.01624086121674966,
      0.01774845170944372,
      0.017577134608001217,
      0.016480705158769173,
      0.02359036486863321,
      0.023333389216469453,
      0.024412686955557244,
      0.02749639478152237,
      0.07039419698272611,
      0.07087388486676513,
      0.044451077254282476,
      0.04061357418197032,
      0.08060217381141592,
      0.06544632090380213
    ]
  },
  "periods": {
    "daytime_kwh": 5.210807222968434,
    "daytime_pct": 18.827406814328633,
    "evening_peak_kwh": 5.140095740455677,
    "evening_peak_pct": 18.57191591037737,
    "overnight_kwh": 20.102744429601245,
    "overnight_pct": 72.6341488497768
  },
  "case_id": "11537"
}