state,H00,H01,H02,H03,H04,H05,H06,H07,H08,H09,H10,H11,H12,H13,H14,H15,H16,H17,H18,H19,H20,H21,H22,H23,daytime_share_07_17,evening_peak_share_17_21,overnight_share_17_07,note
TAS,0.0308,0.0308,0.0308,0.0308,0.0308,0.0308,0.0415,0.0623,0.0692,0.0588,0.0245,0.0245,0.0245,0.0245,0.0245,0.0245,0.0319,0.0613,0.0818,0.0777,0.0695,0.0573,0.0320,0.0245,0.36942,0.29034,0.63058,Strong double peak; cold climate; strong morning heating peak; elevated night (off-peak hot water)
NT,0.0226,0.0226,0.0226,0.0226,0.0226,0.0226,0.0301,0.0451,0.0502,0.0426,0.0330,0.0330,0.0330,0.0330,0.0330,0.0330,0.0428,0.0725,0.0967,0.0919,0.0822,0.0677,0.0249,0.0199,0.37855,0.34340,0.62145,Weak morning peak; strong evening AC peak; tropical climate; minimal off-peak hot water
ACT,0.0298,0.0298,0.0298,0.0298,0.0298,0.0298,0.0404,0.0606,0.0673,0.0572,0.0256,0.0256,0.0256,0.0256,0.0256,0.0256,0.0333,0.0625,0.0833,0.0791,0.0708,0.0583,0.0309,0.0237,0.37217,0.29575,0.62783,Strong double peak; continental climate; cold winters; strong morning heating
SA,0.0283,0.0283,0.0283,0.0283,0.0283,0.0283,0.0352,0.0528,0.0587,0.0499,0.0293,0.0293,0.0293,0.0293,0.0293,0.0293,0.0381,0.0647,0.0863,0.0820,0.0733,0.0604,0.0298,0.0231,0.37544,0.30626,0.62456,Double peak; Mediterranean climate; hot summers; moderate morning
NSW,0.0305,0.0305,0.0305,0.0305,0.0305,0.0305,0.0366,0.0549,0.0610,0.0519,0.0288,0.0288,0.0288,0.0288,0.0288,0.0288,0.0375,0.0610,0.0814,0.0773,0.0692,0.0569,0.0319,0.0246,0.37814,0.28881,0.62186,Double peak; morning H07-H08 (shower/breakfast); evening H18 (cooking/AC); off-peak hot water elevates night
QLD,0.0248,0.0248,0.0248,0.0248,0.0248,0.0248,0.0319,0.0479,0.0532,0.0452,0.0319,0.0319,0.0319,0.0319,0.0319,0.0319,0.0415,0.0691,0.0922,0.0876,0.0784,0.0645,0.0269,0.0213,0.37919,0.32725,0.62081,Weak morning peak; strong evening H18 (AC); subtropical climate; less off-peak hot water
WA,0.0270,0.0270,0.0270,0.0270,0.0270,0.0270,0.0337,0.0505,0.0561,0.0477,0.0309,0.0309,0.0309,0.0309,0.0309,0.0309,0.0401,0.0658,0.0877,0.0833,0.0746,0.0614,0.0289,0.0226,0.37982,0.31143,0.62018,Double peak; similar to SA/QLD; hot summers
VIC,0.0298,0.0298,0.0298,0.0298,0.0298,0.0298,0.0397,0.0595,0.0662,0.0562,0.0265,0.0265,0.0265,0.0265,0.0265,0.0265,0.0344,0.0620,0.0827,0.0786,0.0703,0.0579,0.0311,0.0240,0.37512,0.29358,0.62488,Strong double peak; morning H07-H08 (heating); evening H18 (heating/cooking); cold climate
