{
  "case_id": "11542",
  "mode": "R",
  "tier": "B",
  "inputs": {
    "state": "BY",
    "hvac": "no_system",
    "ev_km": 0,
    "existing_input": -1.0,
    "existing_src": "未提供（走 R-H 分支 2 估算）",
    "sam3d_kwp": 9.399999999999999,
    "sam3d_src": "auto_from_panel_location",
    "mask2d_m2": 135.36405149288476
  },
  "rh": {
    "existing_input": -1.0,
    "user_known": false,
    "existing": 4.2299999999999995,
    "cos40": 0.766044443118978,
    "mask2d": 135.36405149288476,
    "sam3d": 9.399999999999999,
    "roof_area_m2": 176.70521953236167,
    "usable_area_m2": 79.51734878956275,
    "max_panels_area": 36,
    "roof_full_kwp_area": 16.919999999999998,
    "roof_full_kwp_3d": 9.399999999999999,
    "remaining": 5.17,
    "remaining_capped": 5.17,
    "branch": 2,
    "branch_info": {
      "br2_existing_raw": 4.2299999999999995,
      "br2_capped": false,
      "br2_cap": 13.16
    },
    "mode": "R-H",
    "mode_reason": "existing < 25.0 且 remaining_capped ≥ 2.0",
    "trigger": false,
    "tier": "B",
    "ratio": 0.9,
    "target_pv_total": 10.34,
    "target_added": 6.11,
    "added_kwp_pre": 5.17,
    "added_panels": 11,
    "added_kwp": 5.17,
    "PV_total": 9.399999999999999,
    "bat_target": 8.459999999999999,
    "bat_kWh": 9.6
  },
  "inverter": {
    "specs": [
      5,
      6,
      8,
      10,
      12,
      15
    ],
    "target_kw": 7.230769230769229,
    "inv_kw": 8,
    "scr": 1.1749999999999998,
    "scr_pct": 117.49999999999999,
    "action": "ok",
    "curtailed": false,
    "curtail_panels": null,
    "final_pv": 9.399999999999999
  },
  "actual_pv": 9.399999999999999,
  "actual_panels": 19,
  "selected_panels_count": 19,
  "selected_panels_annual_kwh": 8707.982207498573,
  "selected_panel_indices": [
    0,
    1,
    2,
    3,
    4,
    5,
    6,
    7,
    8,
    9,
    10,
    11,
    12,
    13,
    14,
    15,
    16,
    17,
    18
  ]
}