{
  "case_id": "11542",
  "mode": "R",
  "tier": "B",
  "years": 20,
  "cost_breakdown": {
    "pv_cost": 2843.5,
    "inv_cost": 2640,
    "bat_cost": 3840.0,
    "subtotal": 9323.5,
    "gst": 0.0,
    "total": 9323.5,
    "rate_pv": 550,
    "rate_inv": 330,
    "rate_bat": 400,
    "gst_rate": 0.0,
    "pv_basis_kwp": 5.17,
    "inv_kw": 8,
    "bat_kwh": 9.6
  },
  "total_cost": 9323.5,
  "cashflow": [
    -9323.5,
    1585.98207282829,
    1608.6693674843038,
    1631.810408033438,
    1655.414269393555,
    1679.490207980874,
    1704.0476653399394,
    1729.0962718461865,
    1754.645850482558,
    1780.7064206916573,
    1807.2882023049385,
    1834.4016195504855,
    1862.0573051409433,
    1890.26610444321,
    1919.0390797315224,
    1948.3875145256009,
    1978.322918015561,
    2008.8570295753204,
    2040.001823366275,
    2071.7695130330485,
    2104.1725564931576
  ],
  "IRR": 0.17582988289208015,
  "NPV": 16244.167867080847,
  "payback_years": 5.681984253091715
}