state,Jan,Feb,Mar,Apr,May,Jun,Jul,Aug,Sep,Oct,Nov,Dec,note
TAS,0.08548,0.07781,0.07507,0.07137,0.08466,0.10548,0.10671,0.09452,0.07356,0.07205,0.07301,0.08027,冬季(Jun-Aug)用电高峰-供暖需求
NT,0.08548,0.07781,0.07507,0.07137,0.08466,0.10548,0.10671,0.09452,0.07356,0.07205,0.07301,0.08027,与TAS相同曲线-待校准为热带气候曲线
ACT,0.08548,0.07781,0.07507,0.07137,0.08466,0.10548,0.10671,0.09452,0.07356,0.07205,0.07301,0.08027,冬季用电高峰
SA,0.08548,0.07781,0.07507,0.07137,0.08466,0.10548,0.10671,0.09452,0.07356,0.07205,0.07301,0.08027,冬季用电高峰
NSW,0.08548,0.07781,0.07507,0.07137,0.08466,0.10548,0.10671,0.09452,0.07356,0.07205,0.07301,0.08027,冬季用电高峰
QLD,0.09274,0.09219,0.08685,0.08137,0.07904,0.08233,0.08192,0.07932,0.07603,0.07671,0.08192,0.08959,夏季(Dec-Feb)用电高峰-制冷需求;QLD独立曲线
WA,0.08548,0.07781,0.07507,0.07137,0.08466,0.10548,0.10671,0.09452,0.07356,0.07205,0.07301,0.08027,冬季用电高峰
VIC,0.08548,0.07781,0.07507,0.07137,0.08466,0.10548,0.10671,0.09452,0.07356,0.07205,0.07301,0.08027,冬季用电高峰
