{
  "case_id": "11537",
  "mode": "R",
  "tier": "B",
  "inputs": {
    "state": "BY",
    "hvac": "heat_pump",
    "ev_km": 20000,
    "existing_input": 22.0,
    "existing_src": "cases.md Q0=20+",
    "sam3d_kwp": 9.399999999999999,
    "sam3d_src": "auto_from_panel_location",
    "mask2d_m2": 135.36405149288476
  },
  "rh": {
    "existing_input": 22.0,
    "user_known": true,
    "existing": 22.0,
    "cos40": 0.766044443118978,
    "mask2d": 135.36405149288476,
    "sam3d": 9.399999999999999,
    "roof_area_m2": 176.70521953236167,
    "usable_area_m2": 79.51734878956275,
    "max_panels_area": 36,
    "roof_full_kwp_area": 16.919999999999998,
    "roof_full_kwp_3d": 9.399999999999999,
    "remaining": 0,
    "remaining_capped": 0,
    "branch": 1.5,
    "branch_info": {},
    "mode": "R-B",
    "mode_reason": "remaining_capped (0.00) < REMAIN_MIN_RH (2.0)",
    "trigger": true,
    "tier": "B",
    "ratio": 0.9,
    "target_pv_total": 13.16,
    "target_added": 0,
    "added_kwp_pre": 0,
    "added_panels": 0,
    "added_kwp": 0,
    "PV_total": 22.0,
    "bat_target": 19.8,
    "bat_kWh": 20
  },
  "inverter": {
    "specs": [
      5,
      6,
      8,
      10,
      12,
      15
    ],
    "target_kw": 16.923076923076923,
    "inv_kw": 15,
    "scr": 1.4666666666666666,
    "scr_pct": 146.66666666666666,
    "action": "maxed-but-ok",
    "curtailed": false,
    "curtail_panels": null,
    "final_pv": 22.0
  },
  "actual_pv": 22.0,
  "actual_panels": 46,
  "selected_panels_count": 20,
  "selected_panels_annual_kwh": 9166.297060524814,
  "selected_panel_indices": [
    0,
    1,
    2,
    3,
    4,
    5,
    6,
    7,
    8,
    9,
    10,
    11,
    12,
    13,
    14,
    15,
    16,
    17,
    18,
    19
  ]
}