{
  "case_id": "11537",
  "mode": "R",
  "tier": "B",
  "years": 20,
  "cost_breakdown": {
    "pv_cost": 0,
    "inv_cost": 4950,
    "bat_cost": 8000,
    "subtotal": 12950,
    "gst": 0.0,
    "total": 12950.0,
    "rate_pv": 550,
    "rate_inv": 330,
    "rate_bat": 400,
    "gst_rate": 0.0,
    "pv_basis_kwp": 0,
    "inv_kw": 15,
    "bat_kwh": 20
  },
  "total_cost": 12950.0,
  "cashflow": [
    -12950.0,
    4213.683616449609,
    4276.121988633854,
    4339.809128261784,
    4404.770010682274,
    4471.030110751172,
    4538.615412821449,
    4607.5524209331315,
    4677.868169207047,
    4749.590232446442,
    4822.746736950623,
    4897.36637154489,
    4973.478398831041,
    5051.112666662914,
    5130.2996198514265,
    5211.070312103709,
    5293.456418201036,
    5377.49024642031,
    5463.20475120397,
    5550.6335460833025,
    5639.810916860221
  ],
  "IRR": 0.33913702452367145,
  "NPV": 55267.40725426261,
  "payback_years": 3.027330658890884
}