{
  "case_id": "6219",
  "mode": "R",
  "tier": "A",
  "inputs": {
    "state": "BY",
    "hvac": "air_con",
    "ev_km": 15000,
    "existing_input": 22.0,
    "existing_src": "cases.md Q1=20+",
    "sam3d_kwp": 22.09,
    "sam3d_src": "auto_from_panel_location",
    "mask2d_m2": 313.6844488142524
  },
  "rh": {
    "existing_input": 22.0,
    "user_known": true,
    "existing": 22.0,
    "cos40": 0.766044443118978,
    "mask2d": 313.6844488142524,
    "sam3d": 22.09,
    "roof_area_m2": 409.4859660323031,
    "usable_area_m2": 184.2686847145364,
    "max_panels_area": 85,
    "roof_full_kwp_area": 39.949999999999996,
    "roof_full_kwp_3d": 22.09,
    "remaining": 17.949999999999996,
    "remaining_capped": 3.0,
    "branch": 3,
    "branch_info": {},
    "mode": "R-H",
    "mode_reason": "existing < 25.0 且 remaining_capped ≥ 2.0",
    "trigger": true,
    "tier": "A",
    "ratio": 0.7,
    "target_pv_total": 7.05,
    "target_added": 0,
    "added_kwp_pre": 0,
    "added_panels": 0,
    "added_kwp": 0.0,
    "PV_total": 22.0,
    "bat_target": 15.399999999999999,
    "bat_kWh": 16
  },
  "inverter": {
    "specs": [
      5,
      6,
      8,
      10,
      12,
      15
    ],
    "target_kw": 16.923076923076923,
    "inv_kw": 15,
    "scr": 1.4666666666666666,
    "scr_pct": 146.66666666666666,
    "action": "maxed-but-ok",
    "curtailed": false,
    "curtail_panels": null,
    "final_pv": 22.0
  },
  "actual_pv": 22.0,
  "actual_panels": 47,
  "selected_panels_count": 47,
  "selected_panels_annual_kwh": 24647.9927713068,
  "selected_panel_indices": [
    0,
    1,
    2,
    3,
    4,
    5,
    6,
    7,
    8,
    9,
    10,
    11,
    12,
    13,
    14,
    15,
    16,
    17,
    18,
    19,
    20,
    21,
    22,
    23,
    24,
    25,
    26,
    27,
    28,
    29,
    30,
    31,
    32,
    33,
    34,
    35,
    36,
    37,
    38,
    39,
    40,
    41,
    42,
    43,
    44,
    45,
    46
  ]
}