{
  "inputs": {
    "state": "BY",
    "state_zh": "拜仁",
    "hvac": "electric_heat",
    "hvac_zh": "电暖",
    "usage": "medium",
    "usage_zh": "中",
    "ev_km": 15000,
    "ev_time": "solar_optimized",
    "occ": "working_from_home",
    "occ_zh": "在家办公"
  },
  "totals": {
    "base": 3302,
    "t_base": 3000,
    "t_ext": 3000.0,
    "ev_ext": 2700.0,
    "final": 9002.0,
    "davg": 24.663013698630138,
    "pc": false,
    "ph": true,
    "occ_v": 1.4,
    "u": {
      "am": 1.0,
      "cmm": 1.1,
      "hmm": 1.15,
      "cpm": 1.2,
      "hpm": 1.15
    }
  },
  "monthly": {
    "sm": [
      1.15,
      1.15,
      1.15,
      1.15,
      1,
      1,
      1,
      1,
      1,
      1.15,
      1.15,
      1.15
    ],
    "rb": [
      299.60697,
      300.36643,
      293.53128999999996,
      312.13805999999994,
      277.0378,
      289.2552,
      302.7934,
      292.8874,
      281.6606,
      318.21374,
      310.99887,
      302.26507999999995
    ],
    "srb": 3580.7548400000005,
    "nb": [
      276.2831467512587,
      276.98348425886644,
      270.68044669039665,
      287.83871562678655,
      255.47094299256742,
      266.7372420279965,
      279.22151933752605,
      270.0866822817727,
      259.7338669519189,
      293.4414156876486,
      286.78820936537505,
      278.7343280278858
    ],
    "tw": [
      0.090735,
      0.09096499999999999,
      0.08889499999999999,
      0.09452999999999999,
      0,
      0,
      0,
      0,
      0,
      0.09637,
      0.09418499999999999,
      0.09154
    ],
    "stw": 0.6472199999999999,
    "ta": [
      420.5756929637527,
      421.64179104477614,
      412.046908315565,
      438.16631130063973,
      0.0,
      0.0,
      0.0,
      0.0,
      0.0,
      446.6950959488274,
      436.5671641791045,
      424.30703624733474
    ],
    "ea": [
      225.0,
      225.0,
      225.0,
      225.0,
      225.0,
      225.0,
      225.0,
      225.0,
      225.0,
      225.0,
      225.0,
      225.0
    ],
    "fkm": [
      921.8588397150114,
      923.6252753036426,
      907.7273550059617,
      951.0050269274263,
      480.4709429925674,
      491.7372420279965,
      504.22151933752605,
      495.0866822817727,
      484.7338669519189,
      965.1365116364759,
      948.3553735444796,
      928.0413642752205
    ],
    "fsm": [
      0.10240600307876155,
      0.10260223009371724,
      0.10083618695911595,
      0.10564374882553058,
      0.05337379948817678,
      0.054625332373694345,
      0.0560121661117003,
      0.054997409718037404,
      0.05384735247188613,
      0.10721356494517617,
      0.10534940830309704,
      0.10309279763110649
    ]
  },
  "hourly": {
    "om": [
      1.0,
      1.0,
      1.0,
      1.0,
      1.0,
      1.0,
      1.0,
      1.0,
      1.0,
      1.4,
      1.4,
      1.4,
      1.4,
      1.4,
      1.4,
      1.4,
      1.4,
      1.4,
      1.0,
      1.0,
      1.0,
      1.0,
      1.0,
      1.0
    ],
    "pm": [
      1.0,
      1.0,
      1.0,
      1.0,
      1.0,
      1.0,
      1.15,
      1.15,
      1.15,
      1.15,
      1.0,
      1.0,
      1.0,
      1.0,
      1.0,
      1.0,
      1.0,
      1.0,
      1.15,
      1.15,
      1.15,
      1.15,
      1.15,
      1.0
    ],
    "adj": [
      0.0301,
      0.0258,
      0.0239,
      0.0232,
      0.0236,
      0.0252,
      0.034499999999999996,
      0.04117,
      0.04715,
      0.071806,
      0.06635999999999999,
      0.07251999999999999,
      0.07182,
      0.06734,
      0.06426,
      0.06356,
      0.06649999999999999,
      0.0749,
      0.067505,
      0.067965,
      0.06394,
      0.05841999999999999,
      0.051864999999999994,
      0.0366
    ],
    "sadj": 1.2399809999999996,
    "ns": [
      0.024274565497374563,
      0.020806770426321057,
      0.019274488883297414,
      0.018709964104288702,
      0.01903254969229368,
      0.02032289204431359,
      0.027823006965429317,
      0.03320212164541232,
      0.03802477618608673,
      0.057908951830713554,
      0.053516949050025776,
      0.05848476710530243,
      0.057920242326293725,
      0.05430728374063798,
      0.05182337471299965,
      0.05125884993399095,
      0.05362985400582752,
      0.060404151353932053,
      0.05444035029569003,
      0.054811323721895754,
      0.05156530624259567,
      0.047113625128126974,
      0.0418272538046954,
      0.029516581302455453
    ],
    "dne": 17.265753424657536,
    "dev": 7.397260273972603,
    "nek": [
      0.41911866236836853,
      0.35924456774431596,
      0.3327885724453159,
      0.32304162680884224,
      0.32861131002968436,
      0.35089004291305276,
      0.48038517779763173,
      0.5732596455051739,
      0.6565264096567633,
      0.9998416833894708,
      0.9240104463377055,
      1.009783567938674,
      1.0000366223022001,
      0.9376561702287687,
      0.8947696094282844,
      0.8850226637918109,
      0.9259598354650002,
      1.0429231831026844,
      0.9399536645573661,
      0.9463588002613345,
      0.8903138628516108,
      0.8134522344039896,
      0.7221790506224396,
      0.5096260147070528
    ],
    "evk": [
      0.18493150684931509,
      0.18493150684931509,
      0.18493150684931509,
      0.18493150684931509,
      0.18493150684931509,
      0.18493150684931509,
      0.0,
      0.0,
      0.0,
      0.2958904109589041,
      0.5326027397260273,
      0.7693150684931507,
      0.9468493150684932,
      1.006027397260274,
      0.9468493150684932,
      0.7693150684931507,
      0.650958904109589,
      0.0,
      0.0,
      0.0,
      0.0,
      0.0,
      0.18493150684931509,
      0.18493150684931509
    ],
    "fkd": [
      0.6040501692176836,
      0.544176074593631,
      0.517720079294631,
      0.5079731336581573,
      0.5135428168789995,
      0.5358215497623678,
      0.48038517779763173,
      0.5732596455051739,
      0.6565264096567633,
      1.295732094348375,
      1.4566131860637328,
      1.7790986364318246,
      1.9468859373706935,
      1.9436835674890427,
      1.8416189244967778,
      1.6543377322849615,
      1.5769187395745892,
      1.0429231831026844,
      0.9399536645573661,
      0.9463588002613345,
      0.8903138628516108,
      0.8134522344039896,
      0.9071105574717546,
      0.694557521556368
    ],
    "fhs": [
      0.02449214749660681,
      0.022064459811894616,
      0.02099176060237062,
      0.020596555630440726,
      0.020822387042972096,
      0.021725712693097563,
      0.019477959330830436,
      0.023243698134790988,
      0.026619877752134927,
      0.052537459946362684,
      0.05906063240538352,
      0.072136303299002,
      0.07893949868254867,
      0.0788096536473562,
      0.07467128498570583,
      0.06707767965829937,
      0.0639386069700872,
      0.04228693199649853,
      0.03811187375732488,
      0.03837157988173595,
      0.03609915129313907,
      0.032982677800206195,
      0.03678019923096983,
      0.028161907950241535
    ]
  },
  "periods": {
    "daytime_kwh": 14.537812001162683,
    "daytime_pct": 58.94580515912441,
    "evening_peak_kwh": 2.7766263276703116,
    "evening_peak_pct": 11.258260493219991,
    "overnight_kwh": 8.415030464507893,
    "overnight_pct": 34.12004131909999
  },
  "case_id": "11543"
}