{
  "case_id": "11271",
  "mode": "R",
  "tier": "B",
  "years": 20,
  "cost_breakdown": {
    "pv_cost": 4911.5,
    "inv_cost": 3300,
    "bat_cost": 5400.0,
    "subtotal": 13611.5,
    "gst": 0.0,
    "total": 13611.5,
    "rate_pv": 550,
    "rate_inv": 330,
    "rate_bat": 400,
    "gst_rate": 0.0,
    "pv_basis_kwp": 8.93,
    "inv_kw": 10,
    "bat_kwh": 13.5
  },
  "total_cost": 13611.5,
  "cashflow": [
    -13611.5,
    2819.178832856076,
    2868.3051314592594,
    2918.4139560345056,
    2969.5249571012573,
    3021.6581781893433,
    3074.8340636991916,
    3129.0734669192366,
    3184.3976582036826,
    3240.8283333138174,
    3298.387621926155,
    3357.098096310739,
    3416.982780183015,
    3478.065157732737,
    3540.369182833453,
    3603.9192884361837,
    3668.740396150968,
    3734.857926020049,
    3802.2978064865115,
    3871.0864845623028,
    3941.250936199611
  ],
  "IRR": 0.21912550741728914,
  "NPV": 33010.4801916111,
  "payback_years": 4.673827747044827
}