{
  "case_id": "11194",
  "mode": "N",
  "tier": "B",
  "years": 20,
  "cost_breakdown": {
    "pv_cost": 7238.0,
    "inv_cost": 3960,
    "bat_cost": 5400.0,
    "subtotal": 16598.0,
    "gst": 0.0,
    "total": 16598.0,
    "rate_pv": 550,
    "rate_inv": 330,
    "rate_bat": 400,
    "gst_rate": 0.0,
    "pv_basis_kwp": 13.16,
    "inv_kw": 12,
    "bat_kwh": 13.5
  },
  "total_cost": 16598.0,
  "cashflow": [
    -16598.0,
    2509.2706654096405,
    2552.3882158635893,
    2596.368117326617,
    2641.2276168189046,
    2686.9843063010385,
    2733.6561295728147,
    2781.2613893100274,
    2829.8187542419832,
    2879.347266472579,
    2929.8663489477863,
    2981.3958130724977,
    3033.9558664797037,
    3087.5671209550533,
    3142.25060051991,
    3198.027749676064,
    3254.9204418153413,
    3312.9509877974037,
    3372.142144699108,
    3432.5171247388457,
    3494.0996043793775
  ],
  "IRR": 0.15702097600240625,
  "NPV": 24817.723444133597,
  "payback_years": 6.315721834733856
}