{
  "case_id": "11199",
  "mode": "R",
  "tier": "B",
  "inputs": {
    "state": "BY",
    "hvac": "electric_heat",
    "ev_km": 5000,
    "existing_input": 22.0,
    "existing_src": "cases.md Q0=20+",
    "sam3d_kwp": 11.28,
    "sam3d_src": "auto_from_panel_location",
    "mask2d_m2": 293.22934631840326
  },
  "rh": {
    "existing_input": 22.0,
    "user_known": true,
    "existing": 22.0,
    "cos40": 0.766044443118978,
    "mask2d": 293.22934631840326,
    "sam3d": 11.28,
    "roof_area_m2": 382.7837261301828,
    "usable_area_m2": 172.25267675858225,
    "max_panels_area": 79,
    "roof_full_kwp_area": 37.129999999999995,
    "roof_full_kwp_3d": 11.28,
    "remaining": 15.129999999999995,
    "remaining_capped": 3.0,
    "branch": 1.5,
    "branch_info": {},
    "mode": "R-H",
    "mode_reason": "existing < 25.0 且 remaining_capped ≥ 2.0",
    "trigger": true,
    "tier": "B",
    "ratio": 0.9,
    "target_pv_total": 13.16,
    "target_added": 0,
    "added_kwp_pre": 0,
    "added_panels": 0,
    "added_kwp": 0.0,
    "PV_total": 22.0,
    "bat_target": 19.8,
    "bat_kWh": 20
  },
  "inverter": {
    "specs": [
      5,
      6,
      8,
      10,
      12,
      15
    ],
    "target_kw": 16.923076923076923,
    "inv_kw": 15,
    "scr": 1.4666666666666666,
    "scr_pct": 146.66666666666666,
    "action": "maxed-but-ok",
    "curtailed": false,
    "curtail_panels": null,
    "final_pv": 22.0
  },
  "actual_pv": 22.0,
  "actual_panels": 47,
  "selected_panels_count": 24,
  "selected_panels_annual_kwh": 9808.260872667024,
  "selected_panel_indices": [
    0,
    1,
    2,
    3,
    4,
    5,
    6,
    7,
    8,
    9,
    10,
    11,
    12,
    13,
    14,
    15,
    16,
    17,
    18,
    19,
    20,
    21,
    22,
    23
  ]
}