{
  "case_id": "11199",
  "mode": "R",
  "tier": "B",
  "years": 20,
  "cost_breakdown": {
    "pv_cost": 0.0,
    "inv_cost": 4950,
    "bat_cost": 8000,
    "subtotal": 12950.0,
    "gst": 0.0,
    "total": 12950.0,
    "rate_pv": 550,
    "rate_inv": 330,
    "rate_bat": 400,
    "gst_rate": 0.0,
    "pv_basis_kwp": 0.0,
    "inv_kw": 15,
    "bat_kwh": 20
  },
  "total_cost": 12950.0,
  "cashflow": [
    -12950.0,
    2054.576067917774,
    2089.0987981173616,
    2124.311982920941,
    2160.229431420592,
    2196.865228890236,
    2234.2337423092727,
    2272.3496259966905,
    2311.2278273578563,
    2350.883592746246,
    2391.3324734424027,
    2432.590331752483,
    2474.673347228765,
    2517.5980230145724,
    2561.381192316096,
    2606.0400250036505,
    2651.5920343449557,
    2698.0550838730865,
    2745.447394391781,
    2793.7875511208485,
    2843.0945109844974
  ],
  "IRR": 0.16523706306305175,
  "NPV": 20856.657034463722,
  "payback_years": 6.039907920588606
}