{
  "case_id": "11289",
  "mode": "R",
  "tier": "B",
  "inputs": {
    "state": "HH",
    "hvac": "heat_pump",
    "ev_km": 20000,
    "existing_input": 4.0,
    "existing_src": "cases.md Q0=under5",
    "sam3d_kwp": 53.11,
    "sam3d_src": "auto_from_panel_location",
    "mask2d_m2": 266.3447463068878
  },
  "rh": {
    "existing_input": 4.0,
    "user_known": true,
    "existing": 4.0,
    "cos40": 0.766044443118978,
    "mask2d": 266.3447463068878,
    "sam3d": 53.11,
    "roof_area_m2": 347.6883733043679,
    "usable_area_m2": 156.45976798696555,
    "max_panels_area": 72,
    "roof_full_kwp_area": 33.839999999999996,
    "roof_full_kwp_3d": 53.11,
    "remaining": 49.11,
    "remaining_capped": 21.0,
    "branch": 1,
    "branch_info": {},
    "mode": "R-H",
    "mode_reason": "existing < 25.0 且 remaining_capped ≥ 2.0",
    "trigger": true,
    "tier": "B",
    "ratio": 0.9,
    "target_pv_total": 13.16,
    "target_added": 9.16,
    "added_kwp_pre": 9.16,
    "added_panels": 19,
    "added_kwp": 8.93,
    "PV_total": 12.93,
    "bat_target": 11.637,
    "bat_kWh": 13.5
  },
  "inverter": {
    "specs": [
      5,
      6,
      8,
      10,
      12,
      15
    ],
    "target_kw": 9.946153846153846,
    "inv_kw": 10,
    "scr": 1.293,
    "scr_pct": 129.29999999999998,
    "action": "ok",
    "curtailed": false,
    "curtail_panels": null,
    "final_pv": 12.93
  },
  "actual_pv": 12.93,
  "actual_panels": 27,
  "selected_panels_count": 27,
  "selected_panels_annual_kwh": 11574.796027089764,
  "selected_panel_indices": [
    63,
    64,
    65,
    66,
    67,
    68,
    69,
    70,
    71,
    72,
    96,
    97,
    98,
    99,
    100,
    101,
    102,
    103,
    104,
    105,
    106,
    107,
    108,
    109,
    110,
    111,
    112
  ]
}