{
  "case_id": "11173",
  "mode": "N",
  "tier": "B",
  "years": 20,
  "cost_breakdown": {
    "pv_cost": 5169.999999999999,
    "inv_cost": 2640,
    "bat_cost": 3840.0,
    "subtotal": 11650.0,
    "gst": 0.0,
    "total": 11650.0,
    "rate_pv": 550,
    "rate_inv": 330,
    "rate_bat": 400,
    "gst_rate": 0.0,
    "pv_basis_kwp": 9.399999999999999,
    "inv_kw": 8,
    "bat_kwh": 9.6
  },
  "total_cost": 11650.0,
  "cashflow": [
    -11650.0,
    1542.1873654612982,
    1564.9485788265333,
    1588.1650164590733,
    1611.8457828442642,
    1636.0001645571585,
    1660.6376339043109,
    1685.7678526384066,
    1711.4006757471839,
    1737.546155318137,
    1764.214544480509,
    1791.4163014261285,
    1819.1620935106603,
    1847.4628014368827,
    1876.3295235216299,
    1905.7735800480716,
    1935.8065177050423,
    1966.4401141151525,
    1997.6863824534648,
    2029.5575761585437,
    2062.0661937377236
  ],
  "IRR": 0.13270120236055505,
  "NPV": 13305.102423126598,
  "payback_years": 7.21061555626159
}