{
  "case_id": "11173",
  "mode": "N",
  "tier": "C",
  "years": 20,
  "cost_breakdown": {
    "pv_cost": 5169.999999999999,
    "inv_cost": 2640,
    "bat_cost": 5400.0,
    "subtotal": 13210.0,
    "gst": 0.0,
    "total": 13210.0,
    "rate_pv": 550,
    "rate_inv": 330,
    "rate_bat": 400,
    "gst_rate": 0.0,
    "pv_basis_kwp": 9.399999999999999,
    "inv_kw": 8,
    "bat_kwh": 13.5
  },
  "total_cost": 13210.0,
  "cashflow": [
    -13210.0,
    1539.4846654612982,
    1562.2458788265333,
    1585.4623164590732,
    1609.1430828442642,
    1633.2974645571585,
    1657.9349339043108,
    1683.0651526384065,
    1708.6979757471838,
    1734.8434553181369,
    1761.511844480509,
    1788.7136014261284,
    1816.4593935106602,
    1844.7601014368827,
    1873.6268235216298,
    1903.0708800480716,
    1933.1038177050423,
    1963.7374141151524,
    1994.9836824534648,
    2026.8548761585437,
    2059.3634937377237
  ],
  "IRR": 0.11327990366237639,
  "NPV": 11706.690560722413,
  "payback_years": 8.132962157971464
}