{
  "case_id": "11075",
  "mode": "R",
  "tier": "B",
  "inputs": {
    "state": "BY",
    "hvac": "heat_pump",
    "ev_km": 10000,
    "existing_input": 7.0,
    "existing_src": "cases.md Q1=5-10",
    "sam3d_kwp": 36.66,
    "sam3d_src": "auto_from_panel_location",
    "mask2d_m2": 281.96029466670007
  },
  "rh": {
    "existing_input": 7.0,
    "user_known": true,
    "existing": 7.0,
    "cos40": 0.766044443118978,
    "mask2d": 281.96029466670007,
    "sam3d": 36.66,
    "roof_area_m2": 368.07302396018747,
    "usable_area_m2": 165.63286078208438,
    "max_panels_area": 76,
    "roof_full_kwp_area": 35.72,
    "roof_full_kwp_3d": 36.66,
    "remaining": 29.659999999999997,
    "remaining_capped": 18.0,
    "branch": 1,
    "branch_info": {},
    "mode": "R-H",
    "mode_reason": "existing < 25.0 且 remaining_capped ≥ 2.0",
    "trigger": true,
    "tier": "B",
    "ratio": 0.9,
    "target_pv_total": 13.16,
    "target_added": 6.16,
    "added_kwp_pre": 6.16,
    "added_panels": 13,
    "added_kwp": 6.109999999999999,
    "PV_total": 13.11,
    "bat_target": 11.799,
    "bat_kWh": 13.5
  },
  "inverter": {
    "specs": [
      5,
      6,
      8,
      10,
      12,
      15
    ],
    "target_kw": 10.084615384615384,
    "inv_kw": 12,
    "scr": 1.0925,
    "scr_pct": 109.25,
    "action": "ok",
    "curtailed": false,
    "curtail_panels": null,
    "final_pv": 13.11
  },
  "actual_pv": 13.11,
  "actual_panels": 28,
  "selected_panels_count": 28,
  "selected_panels_annual_kwh": 12359.956738180348,
  "selected_panel_indices": [
    2,
    3,
    4,
    5,
    6,
    7,
    8,
    9,
    10,
    11,
    12,
    13,
    14,
    15,
    16,
    17,
    18,
    19,
    20,
    21,
    22,
    23,
    24,
    25,
    26,
    27,
    28,
    29
  ]
}