{
  "case_id": "11543",
  "mode": "N",
  "tier": "B",
  "years": 20,
  "cost_breakdown": {
    "pv_cost": 1809.5,
    "inv_cost": 1650,
    "bat_cost": 2000,
    "subtotal": 5459.5,
    "gst": 0.0,
    "total": 5459.5,
    "rate_pv": 550,
    "rate_inv": 330,
    "rate_bat": 400,
    "gst_rate": 0.0,
    "pv_basis_kwp": 3.29,
    "inv_kw": 5,
    "bat_kwh": 5
  },
  "total_cost": 5459.5,
  "cashflow": [
    -5459.5,
    1085.1540085021516,
    1106.8570886721945,
    1128.994230445638,
    1151.5741150545518,
    1174.6055973556422,
    1198.097709302755,
    1222.0596634888107,
    1246.5008567585865,
    1271.430873893758,
    1296.8594913716338,
    1322.796681199066,
    1349.2526148230468,
    1376.237667119508,
    1403.7624204618983,
    1431.8376688711369,
    1460.4744222485597,
    1489.6839106935304,
    1519.4775889074012,
    1549.8671406855497,
    1580.8644834992606
  ],
  "IRR": 0.2125027263054401,
  "NPV": 12858.878669293525,
  "payback_years": 4.84021441711779
}