{
  "inputs": {
    "state": "BY",
    "state_zh": "拜仁",
    "hvac": "heat_pump",
    "hvac_zh": "热泵（冷暖两用）",
    "usage": "medium",
    "usage_zh": "中",
    "ev_km": 10000,
    "ev_time": "mostly_overnight",
    "occ": "someone_at_home",
    "occ_zh": "家中常有人"
  },
  "totals": {
    "base": 3302,
    "t_base": 2000,
    "t_ext": 2000.0,
    "ev_ext": 1800.0,
    "final": 7102.0,
    "davg": 19.457534246575342,
    "pc": true,
    "ph": true,
    "occ_v": 1.2,
    "u": {
      "am": 1.0,
      "cmm": 1.1,
      "hmm": 1.15,
      "cpm": 1.2,
      "hpm": 1.15
    }
  },
  "monthly": {
    "sm": [
      1.15,
      1.15,
      1.15,
      1.15,
      1,
      1.1,
      1.1,
      1.1,
      1,
      1.15,
      1.15,
      1.15
    ],
    "rb": [
      299.60697,
      300.36643,
      293.53128999999996,
      312.13805999999994,
      277.0378,
      318.18072,
      333.07274000000007,
      322.17614000000003,
      281.6606,
      318.21374,
      310.99887,
      302.26507999999995
    ],
    "srb": 3669.2484400000003,
    "nb": [
      269.619850254675,
      270.30329727686683,
      264.15227407714036,
      280.89672612084007,
      249.30958766040928,
      286.3345872104533,
      299.73609186299745,
      289.9301128489408,
      253.46969996940297,
      286.3643022983747,
      279.8715555875524,
      272.01191483234635
    ],
    "tw": [
      0.090735,
      0.09096499999999999,
      0.08889499999999999,
      0.09452999999999999,
      0,
      0.09636,
      0.10087000000000002,
      0.09757,
      0,
      0.09637,
      0.09418499999999999,
      0.09154
    ],
    "stw": 0.9420199999999999,
    "ta": [
      192.63922209719541,
      193.12753444725166,
      188.7327232967453,
      200.6963758731237,
      0.0,
      204.58164370183226,
      214.15681195728334,
      207.15059128256306,
      0.0,
      204.60287467357384,
      199.96390734803936,
      194.34831532239232
    ],
    "ea": [
      150.0,
      150.0,
      150.0,
      150.0,
      150.0,
      150.0,
      150.0,
      150.0,
      150.0,
      150.0,
      150.0,
      150.0
    ],
    "fkm": [
      612.2590723518704,
      613.4308317241184,
      602.8849973738857,
      631.5931019939637,
      399.3095876604093,
      640.9162309122855,
      663.8929038202808,
      647.0807041315038,
      403.469699969403,
      640.9671769719486,
      629.8354629355917,
      616.3602301547387
    ],
    "fsm": [
      0.08620938782763593,
      0.08637437788286657,
      0.08488946738579072,
      0.08893172373894166,
      0.05622494898062649,
      0.09024447070012469,
      0.09347971047877793,
      0.09111246186025117,
      0.05681071528715897,
      0.0902516441807869,
      0.08868423865609572,
      0.08678685302094322
    ]
  },
  "hourly": {
    "om": [
      1.0,
      1.0,
      1.0,
      1.0,
      1.0,
      1.0,
      1.0,
      1.0,
      1.0,
      1.2,
      1.2,
      1.2,
      1.2,
      1.2,
      1.2,
      1.2,
      1.2,
      1.2,
      1.0,
      1.0,
      1.0,
      1.0,
      1.0,
      1.0
    ],
    "pm": [
      1.0,
      1.0,
      1.0,
      1.0,
      1.0,
      1.0,
      1.15,
      1.15,
      1.15,
      1.15,
      1.0,
      1.0,
      1.0,
      1.0,
      1.2,
      1.2,
      1.2,
      1.2,
      1.38,
      1.38,
      1.15,
      1.15,
      1.15,
      1.0
    ],
    "adj": [
      0.0301,
      0.0258,
      0.0239,
      0.0232,
      0.0236,
      0.0252,
      0.034499999999999996,
      0.04117,
      0.04715,
      0.06154799999999999,
      0.05687999999999999,
      0.06215999999999999,
      0.06156,
      0.057719999999999994,
      0.066096,
      0.065376,
      0.06839999999999999,
      0.07703999999999998,
      0.081006,
      0.08155799999999999,
      0.06394,
      0.05841999999999999,
      0.051864999999999994,
      0.0366
    ],
    "sadj": 1.2247889999999997,
    "ns": [
      0.024575661603753796,
      0.02106485280321754,
      0.019513565193678264,
      0.018942038179637476,
      0.01926862504480364,
      0.020574972505468293,
      0.02816811712058159,
      0.03361395309722737,
      0.03849642673146151,
      0.050251920943117555,
      0.04644065222662843,
      0.05075159884682179,
      0.05026171854907254,
      0.04712648464347737,
      0.05396521360005684,
      0.05337735724275775,
      0.05584635394341393,
      0.06290063023100306,
      0.06613873899912558,
      0.06658942887305488,
      0.052204910396811216,
      0.047698011657518156,
      0.04234606940460766,
      0.02988269816270395
    ],
    "dne": 14.526027397260274,
    "dev": 4.931506849315069,
    "nek": [
      0.35698673376192497,
      0.30598862893879286,
      0.28345458262159495,
      0.2751525655573641,
      0.27989657530835316,
      0.29887261431230927,
      0.4091708410228043,
      0.48827720362054655,
      0.5592001493978327,
      0.7299607803846829,
      0.6745981865906409,
      0.7372191153036962,
      0.7301031006772126,
      0.6845606070677178,
      0.7839001712534284,
      0.7753609537016481,
      0.811225667419125,
      0.9136962780404883,
      0.9607331347215446,
      0.9672798681779096,
      0.7583299586955974,
      0.6928626241319487,
      0.615120164337616,
      0.43407689221549683
    ],
    "evk": [
      0.6164383561643836,
      0.6164383561643836,
      0.6164383561643836,
      0.6164383561643836,
      0.6164383561643836,
      0.6164383561643836,
      0.0,
      0.0,
      0.0,
      0.0,
      0.0,
      0.0,
      0.0,
      0.0,
      0.0,
      0.0,
      0.0,
      0.0,
      0.0,
      0.0,
      0.0,
      0.0,
      0.6164383561643836,
      0.6164383561643836
    ],
    "fkd": [
      0.9734250899263086,
      0.9224269851031764,
      0.8998929387859785,
      0.8915909217217477,
      0.8963349314727367,
      0.9153109704766929,
      0.4091708410228043,
      0.48827720362054655,
      0.5592001493978327,
      0.7299607803846829,
      0.6745981865906409,
      0.7372191153036962,
      0.7301031006772126,
      0.6845606070677178,
      0.7839001712534284,
      0.7753609537016481,
      0.811225667419125,
      0.9136962780404883,
      0.9607331347215446,
      0.9672798681779096,
      0.7583299586955974,
      0.6928626241319487,
      1.2315585205019994,
      1.0505152483798805
    ],
    "fhs": [
      0.05002818330373172,
      0.04740718805444374,
      0.046249073874525794,
      0.04582240022929286,
      0.04606621374085453,
      0.04704146778710122,
      0.021028915372194253,
      0.025094505677485144,
      0.02873951767533215,
      0.03751558502399455,
      0.034670281344069825,
      0.03788861969668391,
      0.0375228994293414,
      0.03518228971834934,
      0.04028774465045077,
      0.03984888032963976,
      0.04169211047704599,
      0.04695848232677812,
      0.04937589329391211,
      0.04971235593986722,
      0.03897358982313335,
      0.03560896336358227,
      0.06329468600158121,
      0.053990152866608895
    ]
  },
  "periods": {
    "daytime_kwh": 6.8406248604386395,
    "daytime_pct": 35.15668929963536,
    "evening_peak_kwh": 2.6863429615950514,
    "evening_peak_pct": 13.806183905691267,
    "overnight_kwh": 11.160261192095522,
    "overnight_pct": 57.3570168278635
  },
  "case_id": "11075"
}