{
  "inputs": {
    "state": "HH",
    "state_zh": "汉堡",
    "hvac": "heat_pump",
    "hvac_zh": "热泵（冷暖两用）",
    "usage": "very_high",
    "usage_zh": "非常高",
    "ev_km": 20000,
    "ev_time": "mostly_overnight",
    "occ": "mostly_away",
    "occ_zh": "白天大多不在家"
  },
  "totals": {
    "base": 2740,
    "t_base": 2000,
    "t_ext": 3200.0,
    "ev_ext": 3600.0,
    "final": 9540.0,
    "davg": 26.136986301369863,
    "pc": true,
    "ph": true,
    "occ_v": 0.6,
    "u": {
      "am": 1.6,
      "cmm": 1.35,
      "hmm": 1.4,
      "cpm": 1.5,
      "hpm": 1.4
    }
  },
  "monthly": {
    "sm": [
      1.4,
      1.4,
      1.4,
      1.4,
      1,
      1.35,
      1.35,
      1.35,
      1,
      1.4,
      1.4,
      1.4
    ],
    "rb": [
      302.6604,
      303.4276,
      296.52279999999996,
      315.31919999999997,
      229.886,
      324.0324,
      339.1983,
      328.10130000000004,
      233.722,
      321.4568,
      314.16839999999996,
      305.3456
    ],
    "srb": 3613.8408000000004,
    "nb": [
      229.47593485579105,
      230.05762290358774,
      224.8224304734176,
      239.0737876444363,
      174.29866860764866,
      245.68010190155582,
      257.1788281321081,
      248.7651260121918,
      177.20710884663208,
      243.72729202680978,
      238.2012555727413,
      231.51184302307945
    ],
    "tw": [
      0.11045999999999999,
      0.11073999999999999,
      0.10821999999999998,
      0.11507999999999999,
      0,
      0.11826,
      0.12379500000000002,
      0.119745,
      0,
      0.11732,
      0.11466,
      0.11144
    ],
    "stw": 1.1497199999999999,
    "ta": [
      307.44181191942386,
      308.22113210172915,
      301.20725046098175,
      320.3005949274606,
      0.0,
      329.15144556935604,
      344.5569356017118,
      333.2846258219393,
      0.0,
      326.53515638590267,
      319.13161465400276,
      310.16943255749226
    ],
    "ea": [
      300.0,
      300.0,
      300.0,
      300.0,
      300.0,
      300.0,
      300.0,
      300.0,
      300.0,
      300.0,
      300.0,
      300.0
    ],
    "fkm": [
      836.9177467752149,
      838.278755005317,
      826.0296809343994,
      859.374382571897,
      474.29866860764866,
      874.8315474709118,
      901.7357637338199,
      882.0497518341311,
      477.2071088466321,
      870.2624484127125,
      857.332870226744,
      841.6812755805718
    ],
    "fsm": [
      0.08772722712528458,
      0.08786989046177326,
      0.0865859204333752,
      0.0900811721773477,
      0.04971684157312879,
      0.09170142007032618,
      0.09452156852555764,
      0.0924580452656322,
      0.050021709522707763,
      0.09122247886925708,
      0.08986717717261468,
      0.08822654880299495
    ]
  },
  "hourly": {
    "om": [
      1.0,
      1.0,
      1.0,
      1.0,
      1.0,
      1.0,
      1.0,
      1.0,
      1.0,
      0.6,
      0.6,
      0.6,
      0.6,
      0.6,
      0.6,
      0.6,
      0.6,
      0.6,
      1.0,
      1.0,
      1.0,
      1.0,
      1.0,
      1.0
    ],
    "pm": [
      1.0,
      1.0,
      1.0,
      1.0,
      1.0,
      1.0,
      1.4,
      1.4,
      1.4,
      1.4,
      1.0,
      1.0,
      1.0,
      1.0,
      1.5,
      1.5,
      1.5,
      1.5,
      2.0999999999999996,
      2.0999999999999996,
      1.4,
      1.4,
      1.4,
      1.0
    ],
    "adj": [
      0.0301,
      0.0258,
      0.0239,
      0.0232,
      0.0236,
      0.0252,
      0.041999999999999996,
      0.05012,
      0.0574,
      0.037464,
      0.028439999999999997,
      0.031079999999999997,
      0.03078,
      0.028859999999999997,
      0.04131,
      0.04086,
      0.042749999999999996,
      0.04815,
      0.12326999999999998,
      0.12410999999999998,
      0.07783999999999999,
      0.07111999999999999,
      0.06314,
      0.0366
    ],
    "sadj": 1.1270939999999998,
    "ns": [
      0.02670584707220516,
      0.02289072606189014,
      0.021204974917797454,
      0.020583908706815937,
      0.020938803684519662,
      0.022358383595334555,
      0.03726397265889092,
      0.0444683407062765,
      0.05092742930048426,
      0.033239463611730705,
      0.025233032914734707,
      0.027575339767579282,
      0.02730916853430149,
      0.02560567264132362,
      0.036651778822352,
      0.036252521972435316,
      0.0379294007420854,
      0.042720482941085665,
      0.10936975975384484,
      0.11011503920702266,
      0.06906256266114451,
      0.06310032703572195,
      0.05602017223053269,
      0.032472890459890665
    ],
    "dne": 16.273972602739725,
    "dev": 9.863013698630137,
    "nek": [
      0.4346102235860237,
      0.37252304878802034,
      0.34508918085401885,
      0.33498196635201827,
      0.34075751749601857,
      0.3638597220720199,
      0.606432870120033,
      0.7236765583432394,
      0.8287915891640452,
      0.5409381201470695,
      0.41064168633842235,
      0.4487603238888245,
      0.44442866053082425,
      0.41670601503962273,
      0.5964700443966325,
      0.5899725493596323,
      0.6172620285150336,
      0.6952319689590379,
      1.7798804738022969,
      1.7920091312046975,
      1.1239222526224613,
      1.0268929934032558,
      0.9116707480804498,
      0.5284629296760289
    ],
    "evk": [
      1.2328767123287672,
      1.2328767123287672,
      1.2328767123287672,
      1.2328767123287672,
      1.2328767123287672,
      1.2328767123287672,
      0.0,
      0.0,
      0.0,
      0.0,
      0.0,
      0.0,
      0.0,
      0.0,
      0.0,
      0.0,
      0.0,
      0.0,
      0.0,
      0.0,
      0.0,
      0.0,
      1.2328767123287672,
      1.2328767123287672
    ],
    "fkd": [
      1.6674869359147908,
      1.6053997611167876,
      1.577965893182786,
      1.5678586786807855,
      1.5736342298247856,
      1.596736434400787,
      0.606432870120033,
      0.7236765583432394,
      0.8287915891640452,
      0.5409381201470695,
      0.41064168633842235,
      0.4487603238888245,
      0.44442866053082425,
      0.41670601503962273,
      0.5964700443966325,
      0.5899725493596323,
      0.6172620285150336,
      0.6952319689590379,
      1.7798804738022969,
      1.7920091312046975,
      1.1239222526224613,
      1.0268929934032558,
      2.1445474604092167,
      1.761339642004796
    ],
    "fhs": [
      0.0637979802525051,
      0.06142252754796934,
      0.060372908911081435,
      0.05998620730801748,
      0.060207179652625446,
      0.06109106903105737,
      0.023202096183837742,
      0.027687834779379705,
      0.031709531451244916,
      0.02069626979598327,
      0.01571113370162727,
      0.01716955117603993,
      0.017003821917583945,
      0.01594315466346565,
      0.02282091888938898,
      0.02257232500170501,
      0.0236164193299777,
      0.026599545982185415,
      0.06809815229956377,
      0.06856219422324053,
      0.04300121826071262,
      0.03928888287129857,
      0.08205029591712412,
      0.06738878085238476
    ]
  },
  "periods": {
    "daytime_kwh": 4.7604113971751,
    "daytime_pct": 18.21331404579572,
    "evening_peak_kwh": 4.695811857629455,
    "evening_peak_pct": 17.966156478351692,
    "overnight_kwh": 19.217673886567447,
    "overnight_pct": 73.52673971275804
  },
  "case_id": "11289"
}