{
  "inputs": {
    "state": "BY",
    "state_zh": "拜仁",
    "hvac": "heat_pump",
    "hvac_zh": "热泵（冷暖两用）",
    "usage": "high",
    "usage_zh": "高",
    "ev_km": 10000,
    "ev_time": "mostly_daytime",
    "occ": "someone_at_home",
    "occ_zh": "家中常有人"
  },
  "totals": {
    "base": 3302,
    "t_base": 2000,
    "t_ext": 2600.0,
    "ev_ext": 1800.0,
    "final": 7702.0,
    "davg": 21.101369863013698,
    "pc": true,
    "ph": true,
    "occ_v": 1.2,
    "u": {
      "am": 1.3,
      "cmm": 1.2,
      "hmm": 1.25,
      "cpm": 1.35,
      "hpm": 1.25
    }
  },
  "monthly": {
    "sm": [
      1.25,
      1.25,
      1.25,
      1.25,
      1,
      1.2,
      1.2,
      1.2,
      1,
      1.25,
      1.25,
      1.25
    ],
    "rb": [
      325.65975000000003,
      326.48525,
      319.05575,
      339.28049999999996,
      277.0378,
      347.10624,
      363.35208,
      351.46488,
      281.6606,
      345.8845,
      338.04225,
      328.549
    ],
    "srb": 3943.5786000000003,
    "nb": [
      272.6783471489576,
      273.36954701498786,
      267.14874822071505,
      284.0831449384576,
      231.96667503977224,
      290.635719668425,
      304.2385330319015,
      294.285254961065,
      235.83739428954198,
      289.6127438667001,
      283.0463451394122,
      275.0975466800636
    ],
    "tw": [
      0.09862499999999999,
      0.098875,
      0.09662499999999999,
      0.10275,
      0,
      0.10511999999999999,
      0.11004,
      0.10643999999999999,
      0,
      0.10475,
      0.102375,
      0.0995
    ],
    "stw": 1.0251,
    "ta": [
      250.14632718759145,
      250.78041166715445,
      245.07365135108768,
      260.6087211003805,
      0.0,
      266.6198419666374,
      279.0986245244367,
      269.9678080187299,
      0.0,
      265.6813969368842,
      259.657594381036,
      252.36562286606187
    ],
    "ea": [
      150.0,
      150.0,
      150.0,
      150.0,
      150.0,
      150.0,
      150.0,
      150.0,
      150.0,
      150.0,
      150.0,
      150.0
    ],
    "fkm": [
      672.824674336549,
      674.1499586821424,
      662.2223995718027,
      694.691866038838,
      381.9666750397722,
      707.2555616350623,
      733.3371575563382,
      714.2530629797949,
      385.837394289542,
      705.2941408035842,
      692.7039395204482,
      677.4631695461255
    ],
    "fsm": [
      0.08735713767028681,
      0.08752920782681672,
      0.08598057641804761,
      0.09019629525303013,
      0.049593180347931996,
      0.09182752033693357,
      0.09521386101744199,
      0.09273605076341143,
      0.05009574062445365,
      0.0915728565052693,
      0.08993819001823529,
      0.08795938321814147
    ]
  },
  "hourly": {
    "om": [
      1.0,
      1.0,
      1.0,
      1.0,
      1.0,
      1.0,
      1.0,
      1.0,
      1.0,
      1.2,
      1.2,
      1.2,
      1.2,
      1.2,
      1.2,
      1.2,
      1.2,
      1.2,
      1.0,
      1.0,
      1.0,
      1.0,
      1.0,
      1.0
    ],
    "pm": [
      1.0,
      1.0,
      1.0,
      1.0,
      1.0,
      1.0,
      1.25,
      1.25,
      1.25,
      1.25,
      1.0,
      1.0,
      1.0,
      1.0,
      1.35,
      1.35,
      1.35,
      1.35,
      1.6875,
      1.6875,
      1.25,
      1.25,
      1.25,
      1.0
    ],
    "adj": [
      0.0301,
      0.0258,
      0.0239,
      0.0232,
      0.0236,
      0.0252,
      0.0375,
      0.04475,
      0.051250000000000004,
      0.0669,
      0.05687999999999999,
      0.06215999999999999,
      0.06156,
      0.057719999999999994,
      0.07435800000000001,
      0.073548,
      0.07695,
      0.08667,
      0.09905625,
      0.09973125,
      0.06949999999999999,
      0.0635,
      0.056375,
      0.0366
    ],
    "sadj": 1.3268084999999998,
    "ns": [
      0.022686016859252863,
      0.019445157307931026,
      0.018013149599207426,
      0.017485567811782936,
      0.017787043118882642,
      0.01899294434728147,
      0.02826331004059742,
      0.03372754998177959,
      0.038626523722149815,
      0.0504217451124258,
      0.04286978866957816,
      0.04684926272329428,
      0.04639704976264473,
      0.043502886814487544,
      0.056042752213299823,
      0.055432264716422916,
      0.057996312203305915,
      0.06532216216582876,
      0.0746575334722381,
      0.07516627305296884,
      0.05238133460857388,
      0.047859205002078305,
      0.04248917609436479,
      0.027584990599623084
    ],
    "dne": 16.16986301369863,
    "dev": 4.931506849315069,
    "nek": [
      0.36682978494057644,
      0.31442552994906553,
      0.29127016146444445,
      0.2827392362332682,
      0.2876140506510832,
      0.3071133083223431,
      0.4570138516701534,
      0.5453698629930498,
      0.624585597282543,
      0.8153127113795537,
      0.6931986102132885,
      0.7575461605284461,
      0.7502339389017239,
      0.7034357204907,
      0.906203626199714,
      0.8963321270036385,
      0.9377924236271549,
      1.0562504139800584,
      1.2072020891867103,
      1.215428338516773,
      0.8469990050953509,
      0.7738767888281265,
      0.6870441570107972,
      0.44604551923006974
    ],
    "evk": [
      0.0,
      0.0,
      0.0,
      0.0,
      0.0,
      0.0,
      0.0,
      0.0,
      0.0,
      0.0,
      0.8235616438356165,
      0.8235616438356165,
      0.8235616438356165,
      0.8235616438356165,
      0.8235616438356165,
      0.8235616438356165,
      0.0,
      0.0,
      0.0,
      0.0,
      0.0,
      0.0,
      0.0,
      0.0
    ],
    "fkd": [
      0.36682978494057644,
      0.31442552994906553,
      0.29127016146444445,
      0.2827392362332682,
      0.2876140506510832,
      0.3071133083223431,
      0.4570138516701534,
      0.5453698629930498,
      0.624585597282543,
      0.8153127113795537,
      1.5167602540489051,
      1.5811078043640627,
      1.5737955827373402,
      1.5269973643263164,
      1.7297652700353305,
      1.719893770839255,
      0.9377924236271549,
      1.0562504139800584,
      1.2072020891867103,
      1.215428338516773,
      0.8469990050953509,
      0.7738767888281265,
      0.6870441570107972,
      0.44604551923006974
    ],
    "fhs": [
      0.0173841692421852,
      0.0149007164933016,
      0.013803376906585592,
      0.013399093900953375,
      0.013630112761314641,
      0.014554188202759704,
      0.021658018158868607,
      0.02584523500291654,
      0.029599291483787097,
      0.03863790439542159,
      0.07187970562553238,
      0.07492915458230108,
      0.07458262629175919,
      0.07236484523229103,
      0.08197407472901787,
      0.0815062615367863,
      0.04444225326199838,
      0.05005601156877711,
      0.057209654966651424,
      0.057599499293511054,
      0.04013952698776981,
      0.03667424408235084,
      0.0325592206321658,
      0.02113822572305576
    ]
  },
  "periods": {
    "daytime_kwh": 12.457675595337975,
    "daytime_pct": 59.03728372238848,
    "evening_peak_kwh": 3.2696294327988342,
    "evening_peak_pct": 15.494868124793229,
    "overnight_kwh": 7.026587969428609,
    "overnight_pct": 33.29920291926048
  },
  "case_id": "11194"
}