{
  "inputs": {
    "state": "BY",
    "state_zh": "拜仁",
    "hvac": "air_con",
    "hvac_zh": "空调",
    "usage": "high",
    "usage_zh": "高",
    "ev_km": 15000,
    "ev_time": "mixed_day_and_night",
    "occ": "someone_at_home",
    "occ_zh": "家中常有人"
  },
  "totals": {
    "base": 3302,
    "t_base": 0,
    "t_ext": 0.0,
    "ev_ext": 2700.0,
    "final": 6002.0,
    "davg": 16.443835616438356,
    "pc": true,
    "ph": false,
    "occ_v": 1.2,
    "u": {
      "am": 1.3,
      "cmm": 1.2,
      "hmm": 1.25,
      "cpm": 1.35,
      "hpm": 1.25
    }
  },
  "monthly": {
    "sm": [
      1,
      1,
      1,
      1,
      1,
      1.2,
      1.2,
      1.2,
      1,
      1,
      1,
      1
    ],
    "rb": [
      260.5278,
      261.1882,
      255.2446,
      271.4244,
      277.0378,
      347.10624,
      363.35208,
      351.46488,
      281.6606,
      276.7076,
      270.4338,
      262.8392
    ],
    "srb": 3478.9872,
    "nb": [
      247.2739179954442,
      247.90072133637054,
      242.25949126803337,
      257.6161731207289,
      262.9440015186029,
      329.4478359908884,
      344.8671981776765,
      333.5847380410023,
      267.3316249050873,
      262.63059984813975,
      256.6759681093394,
      249.4677296886864
    ],
    "tw": [
      0,
      0,
      0,
      0,
      0,
      0.10511999999999999,
      0.11004,
      0.10643999999999999,
      0,
      0,
      0,
      0
    ],
    "stw": 0.3216,
    "ta": [
      0.0,
      0.0,
      0.0,
      0.0,
      0.0,
      0.0,
      0.0,
      0.0,
      0.0,
      0.0,
      0.0,
      0.0
    ],
    "ea": [
      225.0,
      225.0,
      225.0,
      225.0,
      225.0,
      225.0,
      225.0,
      225.0,
      225.0,
      225.0,
      225.0,
      225.0
    ],
    "fkm": [
      472.2739179954442,
      472.90072133637057,
      467.25949126803334,
      482.6161731207289,
      487.9440015186029,
      554.4478359908884,
      569.8671981776765,
      558.5847380410023,
      492.3316249050873,
      487.63059984813975,
      481.6759681093394,
      474.4677296886864
    ],
    "fsm": [
      0.07868609096891772,
      0.07879052338160122,
      0.07785063166744974,
      0.08040922577819541,
      0.08129690128600514,
      0.09237718027172416,
      0.09494621762373817,
      0.09306643419543524,
      0.08202792817478963,
      0.0812446850796634,
      0.08025257715917018,
      0.07905160441330997
    ]
  },
  "hourly": {
    "om": [
      1.0,
      1.0,
      1.0,
      1.0,
      1.0,
      1.0,
      1.0,
      1.0,
      1.0,
      1.2,
      1.2,
      1.2,
      1.2,
      1.2,
      1.2,
      1.2,
      1.2,
      1.2,
      1.0,
      1.0,
      1.0,
      1.0,
      1.0,
      1.0
    ],
    "pm": [
      1.0,
      1.0,
      1.0,
      1.0,
      1.0,
      1.0,
      1.0,
      1.0,
      1.0,
      1.0,
      1.0,
      1.0,
      1.0,
      1.0,
      1.35,
      1.35,
      1.35,
      1.35,
      1.35,
      1.35,
      1.0,
      1.0,
      1.0,
      1.0
    ],
    "adj": [
      0.0301,
      0.0258,
      0.0239,
      0.0232,
      0.0236,
      0.0252,
      0.03,
      0.0358,
      0.041,
      0.05352,
      0.05687999999999999,
      0.06215999999999999,
      0.06156,
      0.057719999999999994,
      0.07435800000000001,
      0.073548,
      0.07695,
      0.08667,
      0.07924500000000001,
      0.07978500000000001,
      0.0556,
      0.0508,
      0.0451,
      0.0366
    ],
    "sadj": 1.2090960000000002,
    "ns": [
      0.024894632022602003,
      0.02133825601937315,
      0.01976683406445807,
      0.019187889133699884,
      0.01951871480841885,
      0.020842017507294704,
      0.024811925603922265,
      0.029608897887347236,
      0.03390963165869376,
      0.04426447527739732,
      0.04704341094503661,
      0.05141030985132693,
      0.05091407133924849,
      0.047738144861946434,
      0.061498838801881735,
      0.060828916810575825,
      0.06364258917406061,
      0.07168165306973143,
      0.06554070148276067,
      0.06598731614363128,
      0.04598476878593593,
      0.04201486068930837,
      0.03730059482456314,
      0.030270549236785165
    ],
    "dne": 9.046575342465754,
    "dev": 7.397260273972603,
    "nek": [
      0.22521116421542964,
      0.19303814075608258,
      0.17882215364613852,
      0.17358468471089594,
      0.17657752410246313,
      0.18854888166873182,
      0.22446295436753788,
      0.26785912554526187,
      0.3067660376356351,
      0.40044191059168754,
      0.4255817614808518,
      0.46508724144953845,
      0.46059798236218774,
      0.43186672420314287,
      0.5563538786953794,
      0.5502933789274559,
      0.5757474779527347,
      0.648473475167817,
      0.5929188939618514,
      0.5969592271404671,
      0.41600467542783687,
      0.38009060272903084,
      0.3374426413991986,
      0.27384480432839625
    ],
    "evk": [
      0.5547945205479452,
      0.5547945205479452,
      0.5547945205479452,
      0.5547945205479452,
      0.5547945205479452,
      0.5547945205479452,
      0.0,
      0.0,
      0.0,
      0.0,
      0.4956164383561644,
      0.4956164383561644,
      0.4956164383561644,
      0.4956164383561644,
      0.4956164383561644,
      0.4956164383561644,
      0.0,
      0.0,
      0.0,
      0.0,
      0.0,
      0.0,
      0.5547945205479452,
      0.5547945205479452
    ],
    "fkd": [
      0.7800056847633748,
      0.7478326613040278,
      0.7336166741940837,
      0.7283792052588411,
      0.7313720446504084,
      0.743343402216677,
      0.22446295436753788,
      0.26785912554526187,
      0.3067660376356351,
      0.40044191059168754,
      0.9211981998370162,
      0.9607036798057029,
      0.9562144207183522,
      0.9274831625593073,
      1.051970317051544,
      1.0459098172836203,
      0.5757474779527347,
      0.648473475167817,
      0.5929188939618514,
      0.5969592271404671,
      0.41600467542783687,
      0.38009060272903084,
      0.8922371619471439,
      0.8286393248763415
    ],
    "fhs": [
      0.04743453431166808,
      0.045477994231251276,
      0.04461347652129966,
      0.04429496999658064,
      0.044476973724991514,
      0.04520498863863497,
      0.01365027963081495,
      0.016289333692772506,
      0.018655382162113765,
      0.024352098861373867,
      0.05602088352890885,
      0.058423332743932285,
      0.05815032715131598,
      0.05640309135857167,
      0.06397353644182165,
      0.06360497889178963,
      0.03501296725304035,
      0.039435657853424386,
      0.03605721364479769,
      0.036302918678152364,
      0.025298518249110374,
      0.02311447350817998,
      0.05425967412707556,
      0.05039209489834466
    ]
  },
  "periods": {
    "daytime_kwh": 7.488142460967783,
    "daytime_pct": 45.537687408417874,
    "evening_peak_kwh": 1.6058827965301554,
    "evening_peak_pct": 9.765865057206044,
    "overnight_kwh": 8.171399558470084,
    "overnight_pct": 49.69278305300867
  },
  "case_id": "6219"
}