{
  "case_id": "11176",
  "mode": "N",
  "tier": "C",
  "years": 20,
  "cost_breakdown": {
    "pv_cost": 7238.0,
    "inv_cost": 3960,
    "bat_cost": 6400,
    "subtotal": 17598.0,
    "gst": 0.0,
    "total": 17598.0,
    "rate_pv": 550,
    "rate_inv": 330,
    "rate_bat": 400,
    "gst_rate": 0.0,
    "pv_basis_kwp": 13.16,
    "inv_kw": 12,
    "bat_kwh": 16
  },
  "total_cost": 17598.0,
  "cashflow": [
    -17598.0,
    1842.9177870343556,
    1865.9086980068964,
    1889.359427198888,
    1913.2791709747196,
    1937.6773096260674,
    1962.5634110504425,
    1987.9472345033053,
    2013.8387344252249,
    2040.248064345583,
    2067.1855808643486,
    2094.661847713489,
    2122.687639899613,
    2151.2739479294587,
    2180.4319821199015,
    2210.173176994153,
    2240.5091957658897,
    2271.4519349130615,
    2303.0135288431766,
    2335.206354651894,
    2368.043036976785
  ],
  "IRR": 0.0960163078970565,
  "NPV": 11661.851850074518,
  "payback_years": 9.069785782258696
}