{
  "case_id": "11173",
  "mode": "N",
  "tier": "A",
  "years": 20,
  "cost_breakdown": {
    "pv_cost": 3877.5,
    "inv_cost": 1980,
    "bat_cost": 2000,
    "subtotal": 7857.5,
    "gst": 0.0,
    "total": 7857.5,
    "rate_pv": 550,
    "rate_inv": 330,
    "rate_bat": 400,
    "gst_rate": 0.0,
    "pv_basis_kwp": 7.05,
    "inv_kw": 6,
    "bat_kwh": 5
  },
  "total_cost": 7857.5,
  "cashflow": [
    -7857.5,
    1338.8147099565276,
    1360.4060054600586,
    1382.4291268736602,
    1404.892710715534,
    1427.8055662342447,
    1451.17667886333,
    1475.015213744997,
    1499.3305193242973,
    1524.1321310151836,
    1549.4297749398877,
    1575.233371743086,
    1601.553040482348,
    1628.3991025963953,
    1655.7820859527237,
    1683.7127289761786,
    1712.2019848601024,
    1741.2610258617049,
    1770.9012476833395,
    1801.134273941407,
    1831.971960724635
  ],
  "IRR": 0.17783556137768736,
  "NPV": 14051.091997352814,
  "payback_years": 5.6499221593739515
}